{
	"description": "<p>PLAYFREE Lo mejor en PS3.<p>Pensado para ofrecer contenido de calidad en streaming de la manera mas simple posible.<p>Puedes encontrar juegos para tu PS3 en nuestra WEB. <p> Mas informacion en mi canal de youtube (BRIAN-JESHUA).<p>Me reservo el derecho de elegir cuando subir contenido<p> Este plugin es gratis ¡que lo disfrutes!",
	"author": "BRIAN-JESHUA",
	"homepage": "https://thezukostore.com",
	"title": "PLAYFREE",
	"synopsis": "Servidor de peliculas online.",
	"version": "1.0.1",
	"file": "PLAYFREE.js",
	"showtimeVersion": "1.0.1",
	"type": "ecmascript",
	"id": "PLAYFREE",
	"icon": "PLAYFREE.png",
	"category": "tv",
        "apiversion": 2
}
